Year,Type,Total_Number
2019,HIV,27.23973
2019,Diabetes,29.24026
2019,Air Pollution,50.12371
2019,Cardiovascular,247.8592
2019,Cancer,140773.5

